name,category
magnolia tripetala,flower
calyptranthes parriculata,plant
chamaecyparis pisifera oil,plant derivative
mackerel,fish/seafood
mimusops elengi flower,flower
hyssop,herb
buchu,plant
black pepper,spice
eryngium poterium oil,plant derivative
peanut butter,plant derivative
artemisia verlo,plant
agastache rugosa,herb
satureia thymera,plant
petitgrain,plant derivative
orris root,plant
black mustard seed oil,plant derivative
celery oil,plant derivative
red bean,vegetable
almond,nut/seed/pulse
bacon,animal and animal product
lavender,flower
black chokecherry,fruit
abies canadensis,plant
petitgrain lemon,plant derivative
keta salmon,fish/seafood
jasmine tea,plant derivative
grapefruit peel,plant
acacia flower oil,plant derivative
nezara viridula,animal and animal product
lemon tree,plant
litchi,fruit
filbert,nut/seed/pulse
yellow passion fruit juice,fruit
jasmine,flower
congo geranium,flower
maple syrup,plant derivative
vervain leaf,plant
smoke,plant derivative
toasted oat,cereal/crop
reunion geranium,flower
kabosu peel oil,plant derivative
soybean,vegetable
wintergreen leaf,plant
eucalyptus hemilampra,plant
jammus citronella oil,plant derivative
spike,plant
blueberry,fruit
musk,animal and animal product
callitris glauca,plant
red currant,fruit
myrrh,spice
pecan,nut/seed/pulse
cicuta virosa oil,plant derivative
purple passion fruit juice,fruit
caja fruit,fruit
juniper leaf oil,plant derivative
madagascar cinnamon leaf oil,plant derivative
smoked sausage,animal and animal product
wort,plant
celery seed,nut/seed/pulse
pinus sylvestris,plant
chayote,fruit
beet juice,vegetable
dolphin,fish/seafood
honey,animal and animal product
agarwood,plant
litsea odorifera,plant
mentha crispa,herb
american peppermint oil,plant derivative
cottage cheese,dairy
bulgarian clary sage,herb
solidago odora,plant
hop,cereal/crop
paraguay petitgrain,plant derivative
smoked summer sausage,animal and animal product
myrocarpus fastigiatus,plant
eucalyptus dives,plant
picea orientalis,plant
tulip,flower
ligusticum acutilobum oil,plant derivative
nutmeg oil,plant derivative
tahiti vanilla,spice
matricaria parthenium oil,plant derivative
valencia orange juice,fruit
wine,alcoholic beverage
piper famechoni,herb
carphephorus corymbosus leaf,plant
tsuga canadensis oil,plant derivative
orange juice,fruit
fagara zanthoxyloides oil,plant derivative
petitgrain lemon oil,plant derivative
guava peel,plant
bitter orange,fruit
roasted sesame seed,nut/seed/pulse
avocado,fruit
clary sage,herb
blackberry juice,fruit
tomato juice,vegetable
fig,fruit
american storax,plant derivative
savory,herb
passiflora edulis juice,fruit
trassi,fish/seafood
abies concolor,plant
castoreum,spice
bread,cereal/crop
wild vanilla,plant
meat,animal and animal product
thuja articulata bark oil,plant derivative
nemuaron humboldtii oil,plant derivative
citrus peel,plant
robinia pseudoacacia,plant
rosemary,herb
satsuma mandarin peel,plant
prawn,fish/seafood
thujopsis dolabrata,plant
turnip,vegetable
sweet potato,vegetable
black sesame seed,nut/seed/pulse
ribes,plant
mentha,herb
california pepper,spice
eucalyptus citriodora,plant
dried black tea,plant derivative
roasted hazelnut,nut/seed/pulse
melaleuca oil,plant derivative
phellodendron amurense,herb
sesame oil,plant derivative
boronia dentigeroides oil,plant derivative
several oil,plant derivative
saxifragaceae,plant
bachang,plant
smoked pork,animal and animal product
raisin,fruit
luvunga scadens oil,plant derivative
salmon caviar,fish/seafood
garlic,vegetable
cheddar cheese,dairy
field mint oil,plant derivative
winter savory,herb
birch,plant
lettuce,vegetable
tamarind,spice
ceylon tea,plant derivative
yellow mombin,fruit
cod liver oil,animal and animal product
polyalthia canangioides flower,flower
licorice,spice
tilsit cheese,dairy
estragon,herb
dwarf quince,fruit
cereal,cereal/crop
hazelnut,nut/seed/pulse
orthodon tenuicaule oil,plant derivative
sauvignon grape,fruit
green mate,plant derivative
pittosporum glabratum,plant
mentha verticillata,herb
trifolium pratense leaf oil,plant derivative
honey fungus,vegetable
litsea guatemalensis oil,plant derivative
tonka bean seed,nut/seed/pulse
bulgarian clary sage oil,plant derivative
cinnamomum,plant
ginger,spice
seed,nut/seed/pulse
mint,herb
hogweed oil,plant derivative
crepis foetida root,plant
goat cheese,dairy
cymbopogon javanensis,herb
heracleum candicans oil,plant derivative
key lime leaf,plant
sugarcane,plant
english peppermint oil,plant derivative
anise brandy,alcoholic beverage
cupressus macrocarpa oil,plant derivative
ylangylang oil,plant derivative
hernandia peltata oil,plant derivative
wood oil,plant derivative
watercress,vegetable
boronia citriodora,plant
eremocitrus glauca,fruit
passion fruit juice,fruit
macadamia nut,nut/seed/pulse
piri piri,spice
nettle,plant
pineapple,fruit
scotch,alcoholic beverage
umbelliferae,plant
armagnac,alcoholic beverage
japanese mint,herb
orange flower oil,plant derivative
tequila,alcoholic beverage
sage,herb
seseli sibiricum,plant
fennel,herb
radish oil,plant derivative
chamomile,flower
shellfish,fish/seafood
milk fat,dairy
echinacea,flower
celery,vegetable
vanilla oil,plant derivative
mung bean,vegetable
rice,cereal/crop
italian orange oil,plant derivative
sour milk,dairy
asarum canadense root oil,plant derivative
cypress oil,plant derivative
watermelon,fruit
sheep cheese,dairy
wild bergamot oil,spice
goat milk,dairy
raw pork,animal and animal product
bay,herb
whitefish,fish/seafood
curcuma aeruginosa,plant
artemisia transiliensis,plant
grape juice,fruit
florida orange juice,fruit
nut,nut/seed/pulse
myrtus communis,herb
eucalyptus cinereea,plant
schizandra oil,plant derivative
pandanus odoratissimus,herb
michelia,plant
tea oil,plant derivative
bitter orange flower oil,plant derivative
artemisia santolinifolia,plant
yogurt,dairy
lemon peel,plant
california orange,fruit
estragon oil,plant derivative
orange tree,plant
raspberry juice,fruit
ham,animal and animal product
barosma betulina,plant
cod,fish/seafood
clove pink,flower
boronia anemonifolia,plant
rosa centifolia,flower
calamus,plant
lime juice,fruit
petasites fragrans,plant
kaschmis citronella oil,plant derivative
eucalyptus dives oil,plant derivative
litsea odorifera leaf oil,plant derivative
beef,animal and animal product
shiitake,vegetable
bitter fennel,herb
parsley,herb
helichrysum angustifolium,plant
fermented tea,plant derivative
grapefruit,fruit
beet,vegetable
basil,herb
kelp,vegetable
roasted beef,animal and animal product
chrysocoris stolli,animal and animal product
mushroom,vegetable
baked potato,vegetable
bitter orange juice,fruit
violet leaf,plant
sweetfish,fish/seafood
myrrh oil,plant derivative
lemongrass oil,plant derivative
boronia ledifolia oil,plant derivative
leptospermum citratum,plant
petitgrain lime,plant derivative
rosa bourboniana oil,plant derivative
chervil,herb
eriostemon coxii leaf oil,plant derivative
larch tree,plant
barosma pulchella leaf oil,plant derivative
litsea guatemalensis,plant
tunisian rosemary,herb
artemisia camphorata,plant
pine turpentine,plant derivative
achillea micrantha oil,plant derivative
rose oil,plant derivative
acacia farnesiana oil,plant derivative
xanthorrhoea hostilis,plant
manila copal,plant derivative
carnation,flower
vegetable,vegetable
calabash nutmeg,spice
chamaecyparis pisifera,plant
sheep milk,dairy
papaya,fruit
litsea zeylanica oil,plant derivative
carpinus betulus,plant
russian star anise,spice
rabbiteye blueberry,fruit
rutaceae,plant
narcissus oil,plant derivative
tuna,fish/seafood
cherry juice,fruit
butter,dairy
hyacinth oil,plant derivative
irish whiskey,alcoholic beverage
chrysanthemum japonicum,flower
orange peel,plant
kale,vegetable
lily oil,plant derivative
malabar lemongrass oil,plant derivative
calytrix tetragona oil,plant derivative
achillea ageratum,plant
huckleberry,fruit
cherry,fruit
satsuma mandarin peel oil,plant derivative
yellow passion fruit,fruit
pandanus odoratissimus oil,plant derivative
strawberry oil,plant derivative
cognac,alcoholic beverage
rubus arcticus,fruit
galanga,spice
roasted mate,plant derivative
guineafowl,animal and animal product
honduras balsam,plant derivative
boiled crab,fish/seafood
soursop,fruit
finocchoi fennel oil,plant derivative
fried chicken,animal and animal product
fermented russian black tea,plant derivative
cassis juice,fruit
orchid,flower
okra,fruit
eel,fish/seafood
eucalyptus diversicolor oil,plant derivative
bartlett pear,fruit
bergamot oil,plant derivative
juniperus phoenicea oil,plant derivative
phebalium nudum root oil,plant derivative
taiwan citronella,plant
benzoin,plant derivative
lingonberry,fruit
boldo,plant
plum,fruit
farnesol,plant derivative
teucrium chamaedrys,plant
seed oil,plant derivative
octopus,fish/seafood
storax,plant derivative
ruta chalepensis oil,plant derivative
passiflora mollissima,fruit
mastic gum oil,plant derivative
copaiba,plant derivative
summer savory,herb
fagroea racemosa flower,flower
blenheim apricot,fruit
gin,alcoholic beverage
ceriman,fruit
hop oil,plant derivative
mate leaf,plant
lovage root,spice
turpentine,plant derivative
beech,plant
agastache formosana,herb
temple orange juice,fruit
grilled beef,animal and animal product
whiskey,alcoholic beverage
erica arborea oil,plant derivative
melilotus officinalis,plant
elettaria caradmomum oil,plant derivative
cupressaceae oil,plant derivative
black seabream,fruit
brazilian sassafras oil,plant derivative
mexican linaloe,plant derivative
cacao,plant derivative
capsicum annuum,plant
acacia,plant
starfruit,fruit
strawberry jam,fruit
red meat,animal and animal product
toasted sesame seed,nut/seed/pulse
leek,vegetable
spearmint oil,plant derivative
mastic gum leaf oil,plant derivative
monarda fisulosa,plant
fried pork,animal and animal product
rapeseed,plant
acacia caven,plant
caraway,spice
mimosa oil,plant derivative
potato,vegetable
cherry brandy,alcoholic beverage
artemisia arborescens,plant
galbanum oil,plant derivative
eucalyptus oil,plant derivative
lemon juice,fruit
sunflower oil,plant derivative
buchu leaf oil,plant derivative
brazil nut,nut/seed/pulse
garlic mustard,herb
anise seed,spice
milk,dairy
american peppermint,herb
purple passion fruit,fruit
grape,fruit
jasmine oil,plant derivative
camembert cheese,dairy
citronella oil,plant derivative
violet flower oil,plant derivative
melon,fruit
boldea fragrans,plant
thai pepper,spice
yeast,plant
grape brandy,alcoholic beverage
laminaria japonica,vegetable
ximenia aegyptiaca,plant
bitter orange peel oil,plant derivative
mentha citrata,herb
loganberry,fruit
thuja occidentalis,plant
mentha viridis,herb
wood vinegar,plant derivative
pork,animal and animal product
oxidized milk,dairy
currant,fruit
angelica oil,plant derivative
european cranberry,fruit
frankfurter,animal and animal product
pomelo peel,plant
garlic oil,plant derivative
spanish origanum,herb
boletus scaber,vegetable
corn,cereal/crop
artemisia hausiliensis,plant
palm oil,plant derivative
corn flake,cereal/crop
dried spinach,vegetable
vachellia farnesiana,plant
perovski abrotanoides oil,plant derivative
highbush blueberry,fruit
barosma pulchella oil,plant derivative
niaouli oil,plant derivative
root,plant
raw pea,vegetable
cinnamon,spice
monodora grandiflora,plant
carob,fruit
passion fruit wine,alcoholic beverage
lemon peel oil,plant derivative
radish,vegetable
seseli tortuosum,plant
lemon oil,plant derivative
iberis sempervirens seed,plant
citrus leaf oil,plant derivative
pinus densiflora,plant
vetiver oil,plant derivative
raw chicken,animal and animal product
japanese calamus,plant
patchouli oil,plant derivative
raw bean,vegetable
sake,alcoholic beverage
citrus peel oil,plant derivative
elsholtzia ciliata,herb
bael,fruit
botrytized wine,alcoholic beverage
lavender delphinensis,flower
sassafras root oil,plant derivative
angelica root oil,plant derivative
kola tea,plant derivative
corn oil,plant derivative
cumin oil,plant derivative
olive,fruit
spearmint,herb
japanese hop oil,plant derivative
butterfat,dairy
sumatra benzoin,plant derivative
pinus sabiniana terpentine,plant derivative
apple sauce,plant derivative
roasted macadamia nut,nut/seed/pulse
thlaspi arvense oil,plant derivative
eucalyptus maideni,plant
raspberry oil,plant derivative
raw asparagus,vegetable
turkmenistan sunguli oil,plant derivative
chrysanthemum sincuse flower,flower
malabar cardamom oil,plant derivative
gelatin,fish/seafood
crisp bread,cereal/crop
date,fruit
limburger cheese,dairy
solanaceae,plant
mango,fruit
cape gooseberry,fruit
lindera citriodora,plant
coconut oil,plant derivative
pinus excelsa,plant
rafanus sativus root,plant
american sassafras oil,plant derivative
chinese star anise oil,plant derivative
boiled chicken,animal and animal product
artemisia scoparia,plant
chickpea,vegetable
dried green tea,plant derivative
kumquat peel oil,plant derivative
dacrydium franklinii oil,plant derivative
artemisia maritime oil,plant derivative
artemisia frigida,plant
italian lime,fruit
pittosporum flower,flower
orange peel oil,plant derivative
thymus,herb
bantu beer,alcoholic beverage
melilotus albus leaf,plant
ceanothus velutinus leaf,plant
asian storax,plant derivative
boldo leaf,plant
cinchona officinalis,plant
beef broth,animal and animal product
cistus ladaniferus,plant
sesame seed oil,plant derivative
myrtle,herb
rye flour,cereal/crop
leptospermum liversidgei,plant
orange leaf oil,plant derivative
french lavender,flower
doryphora sassafras leaf oil,plant derivative
aconitum napellus,plant
hybrid passion fruit juice,fruit
carphephorus paniculatus leaf,plant
lesquerella seed,plant
cheese,dairy
randia formosa flower,flower
citronella grass,herb
quercus olive,fruit
siam benzoin,plant derivative
asarum europaeum root oil,plant derivative
cassava,vegetable
muscadine grape,fruit
valerian oil,plant derivative
loiseleuria procumbens,plant
auricula oil,plant derivative
valencia orange oil,plant derivative
citronella,herb
black chokeberry,fruit
celery root,vegetable
senecio kaempferi,plant
while thyme oil,plant derivative
chestnut honey,plant derivative
magnolia salicifolia oil,plant derivative
cane molasses,plant derivative
coconut,nut/seed/pulse
grape vine,plant
violet,flower
port wine,alcoholic beverage
fortunella margarita,plant
fermented radish,vegetable
blumea malcomii oil,plant derivative
berry bud,plant
eucalyptus citriodora oil,plant derivative
penang benzoin,plant derivative
shoro,vegetable
california orange peel,plant
cinnamomum cassia oil,plant derivative
palmarosa oil,plant derivative
wild berry,fruit
tea tree oil,plant derivative
myrtaceae oil,plant derivative
petitgrain lime oil,plant derivative
artemisia juncea,plant
achasma walang,plant
chinese star anise,spice
uncured boiled pork,animal and animal product
rye bread,cereal/crop
polysiphonia fastigiata,plant
red sage,herb
boiled meat,animal and animal product
arrack,alcoholic beverage
nectarine,fruit
mantis shrimp,fish/seafood
levisticum acutilobum,plant
pumpkin,vegetable
fermented tea leaf oil,plant derivative
spearmint scotch oil,plant derivative
wild strawberry,fruit
cumin,spice
uncured smoked pork,animal and animal product
backhousia citriodora,plant
hinoki oil,plant derivative
chinese cinnamon,herb
seal,animal and animal product
artemisia tridentata,plant
mutton,animal and animal product
roasted peanut,nut/seed/pulse
petrosimonia monandra,plant
roasted meat,animal and animal product
mandarin,fruit
leaf oil,plant derivative
winter melon,fruit
caucus,vegetable
labdanum,plant derivative
cantaloupe,fruit
japanese peppermint,herb
oak leaf,plant
brassica,plant
finnish whiskey,alcoholic beverage
alpinia malaccensis,plant
elderberry juice,fruit
auto oxidized salmon oil,fish/seafood
domiati cheese,dairy
mexican lime,fruit
comte cheese,dairy
raw lean fish,fish/seafood
mentha silvestris oil,plant derivative
ceylon tea cinnamon leaf,plant
berry,fruit
sudachi,fruit
cinnamon leaf oil,plant derivative
ceylon citronella oil,plant derivative
navy bean,vegetable
tabasco pepper,spice
zanthoxylum piperitum,spice
turkey,animal and animal product
spermaceti oil,plant derivative
malagueta pepper,spice
red wine,alcoholic beverage
squash,vegetable
thymus zygis,plant
indian hemp,plant
jamaican rum,alcoholic beverage
mashed potato,vegetable
boiled beef,animal and animal product
green tea oil,plant derivative
rhus cotinus leaf,plant
coriander oil,plant derivative
ledum palustre,plant
passion fruit,fruit
coffee,plant derivative
magnolia oil,plant derivative
red kidney bean,vegetable
cocoa liquor,alcoholic beverage
cryptomeria japonica,plant
calytrix virgata,plant
zanthoxylum rhetsa oil,plant derivative
macaroni,cereal/crop
catfish,fish/seafood
sapodilla,fruit
tangerine oil,plant derivative
cocoa leaf,plant
fruit,fruit
hogweed,herb
babaco,fruit
salmon roe,fish/seafood
brown rice,cereal/crop
eryngium poterium,plant
rhodotorula glutinis,plant
choke cherry,fruit
waste wort,plant
veal,animal and animal product
boswellia serrata oil,plant derivative
piper officinarum,spice
nectandra elaiophora,plant
bitter orange leaf,plant
wild grape,fruit
cilantro,herb
crimean white grape oil,plant derivative
prunus,plant
rose,flower
anise hyssop,herb
cayenne,spice
monarda citriodora oil,plant derivative
grapefruit oil,plant derivative
eucalyptus amygdalina,plant
melissa oil,plant derivative
vitis,plant
jonquil,plant
houttuynia cordata oil,plant derivative
endive,vegetable
tobacco leaf oil,plant derivative
orthodon linalooliferum,plant
clam,fish/seafood
thyme,herb
blackberry,fruit
geranium oil,plant derivative
morus bombycis oil,plant derivative
lobster,fish/seafood
corn mint,herb
sphaeranthus indicus oil,plant derivative
chicken liver,animal and animal product
origanum,herb
scotch spearmint oil,plant derivative
marula,fruit
mastic gum fruit oil,plant derivative
graminaceae,plant
brazil peppermint oil,plant derivative
zingiberaceae,plant
roasted chicory root,vegetable
cayenne rosewood,plant
brazil rosewood,plant
smoked herring,fish/seafood
shrimp,fish/seafood
pistachio,nut/seed/pulse
swiss cheese,dairy
wild rice,cereal/crop
chive,vegetable
sea buckthorn,fruit
lavender oil,plant derivative
orange leaf,plant
phellodendron japonicum,plant
white bread,cereal/crop
orange oil,plant derivative
yam,vegetable
melaleuca smithii,plant
anise,spice
american potato chip,vegetable
mandarin leaf oil,plant derivative
java citronella,plant
clary sage bush,plant
star anise oil,plant derivative
cabreuva,plant derivative
spanish origanum oil,plant derivative
raw lamb,animal and animal product
sauerkraut,vegetable
strawberry,fruit
rice bran,cereal/crop
elsholtzia argyi,plant
elder flower,flower
palmarosa,plant derivative
sherry wine,alcoholic beverage
mandarin peel oil,plant derivative
cream,dairy
angelica,herb
basil oil,plant derivative
pinus jeffreyi terpentine,plant derivative
verbena oil,plant derivative
roasted almond,nut/seed/pulse
monarda punctata,plant
orris,plant derivative
clary sage oil,plant derivative
larix,plant
wax jambu,fruit
pear,fruit
dill seed,plant
brandy,alcoholic beverage
butter oil,dairy
monkey orange,fruit
oregano oil,plant derivative
globefish,fish/seafood
roasted turkey,animal and animal product
lemon balm,herb
rosa borbonica,flower
cinnamomum camphora,plant
brussels sprout,vegetable
spanish sage,herb
cananga,flower
parmesan,dairy
porcini,vegetable
roman chamomile,herb
ginger oil,plant derivative
dairy,dairy
pickled ham,animal and animal product
litsea cubeba fruit,fruit
lima bean,vegetable
gardenia flower oil,flower
helichrysum italicum,plant
kidney bean,vegetable
vitis labrusca,fruit
apple brandy,alcoholic beverage
mexican goosefoot,plant
pickled plum,fruit
dacrydium colensoi,plant
cinnamon oil,plant derivative
snap bean,vegetable
egg noodle,cereal/crop
michelia champaca oil,plant derivative
borosma pulchellum,plant
papaver somniferum,plant
bay laurel oil,plant derivative
lovage leaf,herb
wallflower,plant
ethiopian pepper,spice
tea,plant derivative
plum brandy,alcoholic beverage
phallus impudicus,plant
bergamot,flower
lavender vera oil,plant derivative
nigra oil,plant derivative
guava,fruit
bisabol myrrh,herb
japanese seafood,fish/seafood
pinus jeffreyi,plant
lantana camara oil,plant derivative
black tea oil,plant derivative
grapefruit juice,fruit
artemisia cina,plant
chamaecyparis lawsoniana,plant
dried fig,fruit
french peppermint oil,plant derivative
grapefruit blossom,flower
eucalyptus microcorys leaf oil,plant derivative
datura stramonium,plant
neroli,plant derivative
pinus communis oil,plant derivative
melaleuca bracteata,plant
mulberry leaf,plant
grape syrup,plant derivative
lauraceae,plant
heracleum villosum oil,plant derivative
dwarf pine,plant
dalbergia sissoo,plant
roquefort cheese,dairy
lingonberry juice,fruit
fish oil,fish/seafood
castoreum oil,plant derivative
hevea brasiliensis flower,flower
herring,fish/seafood
crownberry,fruit
lean fish,fish/seafood
ambrette seed oil,plant derivative
currant leaf,plant
prunus laurocerasus,plant
east african geranium,flower
bitter orange oil,plant derivative
loquat,fruit
agaricus,vegetable
krill,fish/seafood
marjoram oil,plant derivative
citrus fruit blossom,flower
hinoki,plant
malt,cereal/crop
enokidake,vegetable
hedychium spicatum,plant
thea chinensis oil,plant derivative
eucalyptus globulus oil,plant derivative
copaiba balsam,plant derivative
american pennyroyal,plant
durian,fruit
ormenis multicaulis,plant
temoe lawak,herb
ledum palustre oil,plant derivative
juniperus chinensis oil,plant derivative
chamaecyparis formosensis root oil,plant derivative
plant,plant
zanthoxylum piperitum fruit oil,plant derivative
larix americana,plant
caucas,vegetable
eucalyptus macarthuri oil,plant derivative
mangosteen,fruit
bulgarian rose,flower
mentha longifolia oil,plant derivative
roasted lamb,animal and animal product
hoary basil leaf oil,plant derivative
muscat grape,fruit
phebalium dentatum,plant
egg,animal and animal product
turmeric,spice
laurel leaf oil,plant derivative
pinus sylvestris oil,plant derivative
siberian pine needle oil,plant derivative
seychelles tea,plant derivative
curcuma aromatica,spice
corn salad,plant
cajeput,plant derivative
katsuobushi,fish/seafood
raw beef,animal and animal product
south african mentha longifolia,herb
mutton liver,animal and animal product
smoked fish,fish/seafood
burley tobacco oil,plant derivative
nobiru,vegetable
tsuga canadensis,plant
orthodon citraliferum,plant
skim milk,dairy
wasabi,vegetable
vitis labrusca juice,fruit
bulgarian peppermint,herb
muskmelon,fruit
phebalium dentatum leaf,plant
corn tortilla,cereal/crop
juniper berry,fruit
vetiver,plant derivative
chicken broth,animal and animal product
zanthoxylum rhetsa,spice
boronia ledifolia leaf,plant
fish,fish/seafood
elsholtzia ciliata oil,plant derivative
ruta pinnata leaf oil,plant derivative
apricot kernel,nut/seed/pulse
lemongrass,herb
flower,flower
garcia mangostana,plant
carob fruit,fruit
roasted nut,nut/seed/pulse
rhus semialata,plant
bilberry wine,alcoholic beverage
quince,fruit
spike oil,plant derivative
benzoin resin,plant derivative
cockroach,animal and animal product
eucalyptus macarthurii,plant
cherimoya,fruit
tobacco leaf,plant
algae,vegetable
petitgrain bergamot,plant derivative
concord grape,fruit
rice husk,cereal/crop
eucalyptus polibrac tea oil,plant derivative
sweet basil,herb
cloudberry,fruit
coffee flower,flower
fumaria officinalis,plant
russian peppermint oil,plant derivative
pennyroyal oil,plant derivative
japanese hop,cereal/crop
black tea,plant derivative
narcissus,flower
mountain papaya,fruit
juniperus sabina,plant
orange flower,flower
myrocarpus frondosus,plant
smoked pork belly,animal and animal product
scallion,vegetable
melaleuca trichostachya oil,plant derivative
wintergreen oil,plant derivative
banana,fruit
eucalyptus,herb
dried parsley,herb
beechwood tar,plant derivative
lavandin oil,plant derivative
gruyere cheese,dairy
blackberry brandy,alcoholic beverage
haddock,fish/seafood
trametes graveolens,plant
piper chaba,herb
onion juice,vegetable
kiwi,fruit
artemisia ferganensis,plant
corn grit,cereal/crop
stirlingia latifolia,plant
lavandin,flower
sherry,alcoholic beverage
roasted green tea,plant derivative
scotch whiskey,alcoholic beverage
litsea zeylanica,plant
nepeta japonica,plant
cognac oil,plant derivative
salmon,fish/seafood
russian champagne,alcoholic beverage
cigarette,plant derivative
mace,spice
oyster,fish/seafood
soybean oil,plant derivative
raspberry brandy,alcoholic beverage
tuber,plant
rancid coconut oil,plant derivative
brewed tea,plant derivative
roasted onion,vegetable
cumin fruit oil,plant derivative
thuja plicata,plant
roselle,herb
ceylon cinnamon,spice
japanese star anise,spice
backhousia citriodora oil,plant derivative
eucalyptus goniocalyx,plant
fried beef,animal and animal product
oak tar oil,plant derivative
larix deciduas,plant
cupressus lusitanica,plant
japanese whiskey,alcoholic beverage
ashanti pepper,spice
saigon cinnamon,spice
long pepper,spice
orthodon methylisoeugenoliferum oil,plant derivative
roasted malt,cereal/crop
calytrix tetragona,plant
coprosma foetidissima leaf,plant
lemon eucalyptus,herb
psilocaulon absimile,plant
kaempferia ethel bulb oil,plant derivative
onion oil,plant derivative
cloudberry oil,plant derivative
polianthes tuberosa oil,plant derivative
laurel,plant
mint oil,plant derivative
cymbopogon citralis oil,plant derivative
ambrette seed,plant
orthodon methylisoeugenoliferum,plant
american cranberry,fruit
chenopodium,plant
elderberry,fruit
sperm whale oil,fish/seafood
citrus oil,plant derivative
champaca,flower
violet flower,flower
eucalyptus citridora,plant
ligusticum acutilobum,plant
pennyroyal,herb
bergamot peel oil,plant derivative
cubeb,spice
east indian geranium,flower
blue cheese,dairy
geraniaceae,plant
asarum arifolium root oil,plant derivative
silk fibrooin,animal and animal product
olive oil,plant derivative
kencur oil,plant derivative
scallop,fish/seafood
pear brandy,alcoholic beverage
picea balsamea oil,plant derivative
provolone cheese,dairy
bulgarian rose oil,plant derivative
abies sibirica,plant
horseradish oil,plant derivative
red algae,vegetable
buttermilk,dairy
palm fruit,fruit
vietnamese black tea,plant derivative
micromeria abyssinica,plant
vinegar,plant derivative
fermented shrimp,fish/seafood
burley tobacco,plant derivative
liver,animal and animal product
wild bergamot,flower
picea canadensis,plant
feronia elephantum,fruit
petitgrain bigarade,plant derivative
cabernet sauvignon grape,fruit
capsicum,plant
potato chip,vegetable
carnation oil,plant derivative
oriental storax,plant derivative
citrus limetta oil,plant derivative
black currant,fruit
french bean,vegetable
smoked fatty fish,fish/seafood
origanum oil,plant derivative
scotch spearmint,herb
populus balsamifera,plant
fruit juice,fruit
mandarin oil,plant derivative
ewe,animal and animal product
chicory,vegetable
cayenne bois de rose,plant
california laurel oil,plant derivative
chinese quince peel,plant
wood tar,plant derivative
andropogon gragrans,plant
cabbage juice,vegetable
baeckea citriodora,plant
fried cured pork,animal and animal product
cucumber,vegetable
pimento,spice
pimenta,spice
almond flower,flower
sumac,spice
mentha aquatica,herb
feces,animal and animal product
oak musk,plant derivative
crayfish,fish/seafood
sauvignon blanc grape,fruit
roasted pork,animal and animal product
unprocessed rice,cereal/crop
andropogon jwarancusa,plant
atropa belladonna leaf,plant
barosma crenulata,plant
boiled pork,animal and animal product
horseradish,plant derivative
roasted shrimp,fish/seafood
kumquat,fruit
holy basil,herb
chinese quince,fruit
asperula odorosa,plant
callitris drummondii,plant
peru balsam,plant derivative
muscat grape juice,fruit
beet root,vegetable
thymus caespeititius,plant
jackfruit,fruit
oxidized skim milk,dairy
cooked apple,fruit
german chamomile oil,plant derivative
ceylon tea citronella oil,plant derivative
demon red,spice
annona reticulata,plant
caraway seed,spice
abies balsamea oil,plant derivative
zucchini,vegetable
pilchard,fish/seafood
horse mackerel,fish/seafood
palm,plant
salvia grandifiora oil,plant derivative
beef tallow,animal and animal product
lard,animal and animal product
ananas sativus,plant
pea,vegetable
rum,alcoholic beverage
jaborandi leaf oil,plant derivative
rue,herb
raw peanut,nut/seed/pulse
corn mint oil,plant derivative
raspberry,fruit
pelargonium,flower
smoked salmon,fish/seafood
acacia farnesiana,plant
oatmeal,cereal/crop
rhododendron fauriae leaf,plant
imperatoria,plant
chamomile oil,plant derivative
israeli orange,fruit
pine oil,plant derivative
japanese peppermint oil,plant derivative
thaumatococcus daniellii,plant
melilotus officinalis flower,flower
french fried potato,vegetable
cinnamomum oliveri leaf,plant
chinese cabbage,vegetable
pelargonium tomentosum,flower
atropa belladonna root,plant
creosote,plant derivative
vegetable oil,plant derivative
green bell pepper,vegetable
beef liver,animal and animal product
banana passion fruit,fruit
cream cheese,dairy
oat groat,cereal/crop
jonquil oil,plant derivative
apricot,fruit
peppermint,herb
cassia oil,plant derivative
sea algae,vegetable
pinus avium fruit,fruit
dill,herb
bay laurel,herb
rotundifolia,plant
rose wine,alcoholic beverage
cardamom oil,plant derivative
sandalwood,plant
satsuma,fruit
lemon,fruit
peach,fruit
saffron,spice
ananas sativus oil,plant derivative
pinto bean,vegetable
callitris intratropica,plant
labiatae,plant
eucalyptus radiata oil,plant derivative
mustard,plant derivative
kaffir lime,fruit
gardenia,flower
strawberry juice,fruit
cistus labdanum,plant
cuttlefish,fish/seafood
abies sibirica oil,plant derivative
clove oil,plant derivative
emmental cheese,dairy
guarana,plant derivative
juniper oil,plant derivative
pinus punulio,plant
wheat bread,cereal/crop
cured ham,animal and animal product
artemisia dracunculus oil,plant derivative
melaleuca paucifiora oil,plant derivative
callitris gracilis,plant
cabernet sauvignon wine,alcoholic beverage
bulgarian tobacco,plant derivative
hog plum,fruit
peanut,nut/seed/pulse
geranium,flower
dried kidney bean,vegetable
schizandra nigra oil,plant derivative
toasted oat groat,cereal/crop
eucalyptus globulus,plant
cinnamomum kanahirain,plant
cassia,spice
wheat bran,cereal/crop
curcuma,spice
ouzo,alcoholic beverage
cinnamomum oil,plant derivative
oxystigma buccholtzii flower,flower
fruit brandy,alcoholic beverage
asparagus,vegetable
artemisia herba alba,plant
japanese star anise oil,plant derivative
artemisia brevifolia,plant
myrtleberry,fruit
wheat,cereal/crop
gastrochilus pandurata oil,plant derivative
grape must,fruit
tarragon,herb
soy sauce,plant derivative
mentha timija,herb
coal tar,plant derivative
thaumatococcus daniellii fruit,fruit
southern pea,vegetable
rosaceae,plant
tangerine peel oil,plant derivative
raw soybean oil,plant derivative
rhus glabra,plant
tea leaf oil,plant derivative
buckwheat,cereal/crop
popcorn,cereal/crop
mussel,fish/seafood
peppermint oil,plant derivative
apple,fruit
wood spirit,plant derivative
lime,fruit
robinia pseudoacacia oil,plant derivative
rutabaga,vegetable
eucalyptus australianavar oil,plant derivative
liatris odoratissima,plant
crab,fish/seafood
alpinia malaccensis oil,plant derivative
raw fish,fish/seafood
thuja standishii,plant
tangerine,fruit
citrus juice,fruit
french marigold oil,plant derivative
bitter almond oil,plant derivative
salvia spinosa,plant
lamb liver,animal and animal product
mammee,fruit
myrcia acris,plant
carrot,vegetable
bystropogon mollis leaf oil,plant derivative
callitris,plant
roasted barley,cereal/crop
tuberose,flower
lamb,animal and animal product
violet leaf oil,plant derivative
wood apple,fruit
rhubarb,vegetable
custard apple,fruit
russian cheese,dairy
animal,animal and animal product
pelargonium capitaux,flower
angelica root,plant
darwinia grandiflora oil,plant derivative
persea gratissima peel,plant
kohlrabi,vegetable
cardamom,spice
rhodophyllus icterus,plant
mozzarella cheese,dairy
rye ergot,plant
cabbage,vegetable
pork sausage,animal and animal product
armenian muscat grape oil,plant derivative
tomato,vegetable
violet root,plant derivative
nance,fruit
ylangylang,flower
ocimum viride,plant
fatty fish,fish/seafood
magnolia grandiflora,flower
tobacco flower,flower
kumazasa,plant
acacia dealbata,plant
peanut oil,plant derivative
artichoke,vegetable
ocimum gratissimum,plant
litsea odorifera oil,plant derivative
pawpaw,fruit
walnut,nut/seed/pulse
japanese ho leaf oil,plant derivative
orange,fruit
roasted pecan,nut/seed/pulse
abies alba pine needle,plant
callitris rubusta,plant
citrus,fruit
artemisia frigida oil,plant derivative
orthodon,plant
roman chamomile oil,plant derivative
jasminum odoratissimum oil,plant derivative
ormenis mixta oil,plant
coriander,spice
ptychotis ajowan seed oil,plant derivative
cider,alcoholic beverage
araucaria cunninghamii,plant
grilled pork,animal and animal product
ambrette,plant derivative
ceylon citronella,plant
lilac,flower
litsea cubeba oil,plant derivative
lentil,nut/seed/pulse
pinanona,fruit
whole grain wheat flour,cereal/crop
luraceae oil,plant derivative
mate,plant derivative
barley,cereal/crop
pepino melon,fruit
sparkling wine,alcoholic beverage
elderberry fruit,fruit
pinus sabiniana,plant
caesalpinia spinosa,plant
monarda punctata oil,plant derivative
agathosma gnidioides leaf oil,plant derivative
wild raspberry,fruit
angelica seed,plant
mastic gum,plant derivative
bell pepper,vegetable
artemisia santolinifolia oil,plant derivative
litsea citrata,plant
honduras peru balsam,plant derivative
rooibus tea,plant derivative
parsnip,vegetable
romano cheese,dairy
beech tar creosote,plant derivative
eryngium facidum,plant
lemon flower,flower
java citronella oil,plant derivative
alcoholic beverage,alcoholic beverage
sapodilla fruit,fruit
shallot,vegetable
buchu oil,plant derivative
udo,herb
kola nut,nut/seed/pulse
rum brandy,alcoholic beverage
prune,fruit
malt whiskey,alcoholic beverage
safflower seed,plant
camphor oil,plant derivative
cowberry,fruit
melaleuca bracteata leaf,plant
bilberry,fruit
uncured pork,animal and animal product
betel,plant
raw radish,vegetable
clove,spice
hoary basil,herb
bone oil,animal and animal product
thymbra spicata oil,plant derivative
ginger grass,plant
chestnut flower,flower
trifolium incarnatum,plant
rose hip,fruit
vervain,herb
salmon oil,fish/seafood
raw potato,vegetable
russian anise,spice
eucalyptus bakeries oil,plant derivative
jasminum grandiflorum oil,plant derivative
matsutake,vegetable
tolu balsam,plant derivative
seaweed,fish/seafood
sour cherry,fruit
chicken,animal and animal product
rhus typhia,plant
california lemon oil,plant derivative
alpinia sessilis,plant
artemisae oil,plant derivative
bog blueberry,fruit
starch,plant derivative
raw turkey,animal and animal product
welsh onion,vegetable
piper lowong,herb
bean,vegetable
picea rubens,plant
plum wine,alcoholic beverage
bourbon whiskey,alcoholic beverage
chicory root,vegetable
tobacco,plant derivative
sea bass,fish/seafood
rosemary oil,plant derivative
nutmeg,spice
honeydew,fruit
phellodendron amurense fruit,fruit
baeckea citriodora oil,plant derivative
cupressaceae,plant
apple juice,fruit
chamaecyparis formosensis oil,plant derivative
roasted spanish peanut,nut/seed/pulse
rose flower oil,plant derivative
furcraea gigantean flower oil,plant derivative
caprifoliaceae,plant
orris oil,plant derivative
wheat flake,cereal/crop
mustard greens oil,plant derivative
cauliflower,vegetable
finnish pine oil,plant derivative
sassafras,plant derivative
prickly pear,fruit
guinea pepper,spice
black raspberry,fruit
picea alba oil,plant derivative
grain,cereal/crop
split pea,vegetable
marjoram,herb
roasted cocoa,plant derivative
litsea cubeba,plant
oregano,herb
parsnip fruit,vegetable
anise seed oil,plant derivative
rhizopus,plant
valerian root oil,plant derivative
neroli oil,plant derivative
arnica montana,plant
tangerine juice,fruit
cured pork,animal and animal product
verbenaceae,plant
abies alba,plant
hyacinth,flower
cypress,plant
fennel oil,plant derivative
wood,plant
satureia montana,plant
liquidambar orientalis storax,plant derivative
vanilla,spice
raw leek,vegetable
parmesan cheese,dairy
chokeberry,fruit
pork liver,animal and animal product
salvia triloba oil,plant derivative
grapefruit peel oil,plant derivative
naranjilla,fruit
squid,fish/seafood
wild marjoram,herb
israeli orange oil,plant derivative
roasted filbert,nut/seed/pulse
aristolochia clematitis,plant
sesame seed,nut/seed/pulse
laurel leaf,plant
guinea orange oil,plant derivative
fenugreek,herb
balm,herb
lilium candidum flower,flower
black currant bud,plant
french peppermint,herb
whale,fish/seafood
broccoli,vegetable
feta cheese,dairy
water apple,fruit
crowberry,fruit
camphor,plant derivative
hatsutake,vegetable
texas sage,herb
white wine,alcoholic beverage
sweet grass oil,plant derivative
cymbopogon sennaarensis,plant
pinaceae,plant
azalea,flower
magnolia fuscata,flower
jerusalem artichoke,vegetable
oat,cereal/crop
nira,vegetable
daffodil flower,flower
malay apple,fruit
peated malt,plant derivative
berry juice,fruit
weinbrand,alcoholic beverage
cayenne linaloe,plant derivative
cruciferae seed,plant
raw fatty fish,fish/seafood
black currant juice,fruit
lovage,herb
onion,vegetable
mindanaese cinnamomum oil,plant derivative
lippia scaberrima,plant
rhus coriaria,spice
strawberry wine,alcoholic beverage
silkworm chrysalis,animal and animal product
pinus jeffreyi leaf oil,plant derivative
ceylon tea oil,plant derivative
wheaten bread,cereal/crop
andropogon intermedius,plant
blumea eriantha oil,plant derivative
jasminum grandiflorum,flower
achillea millefolium,plant
thuja occidentalis oil,plant derivative
lime oil,plant derivative
orthodon asaroniferum oil,plant derivative
barosma venustum,plant
lippia carviodora,plant
leaf,plant
melaleuca viridiflora,plant
parsnip root,plant
neroli bigarade,plant derivative
truffle,vegetable
thymus oil,plant derivative
pepper,spice
rangpur,fruit
oxidized lard,animal and animal product
champagne wine,alcoholic beverage
roasted chicken,animal and animal product
pike,fish/seafood
ambergris oil,plant derivative
black bean,vegetable
ocotea usambarensis oil,plant derivative
passiflora edulis,fruit
cranberry,fruit
mandarin peel,plant
citron,herb
spanish anise,spice
chempedak,fruit
vitis labrusca oil,plant derivative
plumcot,fruit
cocoa,plant derivative
dill blossom,plant
spirea ulmaria oil,plant derivative
maize,cereal/crop
ruta montana oil,plant derivative
rosa rugosa,flower
caviar,fish/seafood
beer,alcoholic beverage
rose apple,fruit
sturgeon caviar,fish/seafood
bitter almond,nut/seed/pulse
valerian,herb
algerian geranium oil,plant derivative
thymus mastichina,plant
citrus flower oil,plant derivative
lime peel oil,plant derivative
artemisia,plant
compositae,plant
daffodil,flower
valeriana officinalis,herb
japanese plum,fruit
origanum floribundum,herb
persea pubescens,plant
condiment,plant derivative
lilac flower oil,plant derivative
white currant juice,fruit
pouching tea,plant derivative
raw cabbage,vegetable
boiled mutton,animal and animal product
filipendula ulmaria flower,flower
cascarilla,plant
cashew,nut/seed/pulse
rue oil,plant derivative
roasted coconut,nut/seed/pulse
cajeput oil,plant derivative
star anise,spice
feijoa,fruit
tobacco oil,plant derivative
cinnamon leaf,plant
green tea,plant derivative
artemisia porrecta oil,plant derivative
munster cheese,dairy
